"Rank","Player Id","Player GSIS","Player College GSIS","Player Sportradar Id","Name","Team","#","POS","Targeted Depth","ATT","ACC%"
"","1725","28956","","e47706c7-e14d-41fb-b13b-83a835a1f3bc","Philip Rivers","Colts","17","QB","Behind LOS","20","75.0%"
"","1725","28956","","e47706c7-e14d-41fb-b13b-83a835a1f3bc","Philip Rivers","Colts","17","QB","Deep (20+)","9","22.2%"
"","1725","28956","","e47706c7-e14d-41fb-b13b-83a835a1f3bc","Philip Rivers","Colts","17","QB","Medium (10-19)","27","36.0%"
"","1725","28956","","e47706c7-e14d-41fb-b13b-83a835a1f3bc","Philip Rivers","Colts","17","QB","Short (1-9)","31","56.7%"
"","1725","28956","","e47706c7-e14d-41fb-b13b-83a835a1f3bc","Philip Rivers","Colts","17","QB","N/A","5","0"
"","2241","29851","","0ce48193-e2fa-466e-a986-33f751add206","Aaron Rodgers","Steelers","08","QB","Behind LOS","144","76.8%"
"","2241","29851","","0ce48193-e2fa-466e-a986-33f751add206","Aaron Rodgers","Steelers","08","QB","Deep (20+)","57","40.8%"
"","2241","29851","","0ce48193-e2fa-466e-a986-33f751add206","Aaron Rodgers","Steelers","08","QB","Medium (10-19)","76","46.2%"
"","2241","29851","","0ce48193-e2fa-466e-a986-33f751add206","Aaron Rodgers","Steelers","08","QB","Short (1-9)","210","63.5%"
"","2241","29851","","0ce48193-e2fa-466e-a986-33f751add206","Aaron Rodgers","Steelers","08","QB","N/A","44","66.7%"
"","4332","33099","","64797df2-efd3-4b27-86ee-1d48f7edb09f","Joe Flacco","Bengals","16","QB","Behind LOS","69","63.2%"
"","4332","33099","","64797df2-efd3-4b27-86ee-1d48f7edb09f","Joe Flacco","Bengals","16","QB","Deep (20+)","42","39.4%"
"","4332","33099","","64797df2-efd3-4b27-86ee-1d48f7edb09f","Joe Flacco","Bengals","16","QB","Medium (10-19)","85","42.3%"
"","4332","33099","","64797df2-efd3-4b27-86ee-1d48f7edb09f","Joe Flacco","Bengals","16","QB","Short (1-9)","178","68.6%"
"","4332","33099","","64797df2-efd3-4b27-86ee-1d48f7edb09f","Joe Flacco","Bengals","16","QB","N/A","42","0"
"","4474","33241","","73e133bf-d3f7-4fda-bd25-2fde66cb8ee1","Josh Johnson","Commanders","14","QB","Behind LOS","13","76.9%"
"","4474","33241","","73e133bf-d3f7-4fda-bd25-2fde66cb8ee1","Josh Johnson","Commanders","14","QB","Deep (20+)","2","0"
"","4474","33241","","73e133bf-d3f7-4fda-bd25-2fde66cb8ee1","Josh Johnson","Commanders","14","QB","Medium (10-19)","14","61.5%"
"","4474","33241","","73e133bf-d3f7-4fda-bd25-2fde66cb8ee1","Josh Johnson","Commanders","14","QB","Short (1-9)","19","47.1%"
"","4474","33241","","73e133bf-d3f7-4fda-bd25-2fde66cb8ee1","Josh Johnson","Commanders","14","QB","N/A","6","0"
"","4924","34452","","ade43b1a-0601-4672-83b6-d246bc066a19","Matthew Stafford","Rams","09","QB","Behind LOS","84","72.0%"
"","4924","34452","","ade43b1a-0601-4672-83b6-d246bc066a19","Matthew Stafford","Rams","09","QB","Deep (20+)","106","46.0%"
"","4924","34452","","ade43b1a-0601-4672-83b6-d246bc066a19","Matthew Stafford","Rams","09","QB","Medium (10-19)","165","48.6%"
"","4924","34452","","ade43b1a-0601-4672-83b6-d246bc066a19","Matthew Stafford","Rams","09","QB","Short (1-9)","317","67.7%"
"","4924","34452","","ade43b1a-0601-4672-83b6-d246bc066a19","Matthew Stafford","Rams","09","QB","N/A","44","100%"
"","6187","37110","","d2a0e5af-3850-4f16-8e40-a0b1d15c2ce1","Andy Dalton","Panthers","14","QB","Behind LOS","3","0"
"","6187","37110","","d2a0e5af-3850-4f16-8e40-a0b1d15c2ce1","Andy Dalton","Panthers","14","QB","Deep (20+)","2","0"
"","6187","37110","","d2a0e5af-3850-4f16-8e40-a0b1d15c2ce1","Andy Dalton","Panthers","14","QB","Medium (10-19)","13","46.2%"
"","6187","37110","","d2a0e5af-3850-4f16-8e40-a0b1d15c2ce1","Andy Dalton","Panthers","14","QB","Short (1-9)","17","93.3%"
"","6187","37110","","d2a0e5af-3850-4f16-8e40-a0b1d15c2ce1","Andy Dalton","Panthers","14","QB","N/A","2","100%"
"","6332","37255","","7f3ef024-eb34-46af-8b9e-544cdf09378f","Tyrod Taylor","Jets","02","QB","Behind LOS","14","57.1%"
"","6332","37255","","7f3ef024-eb34-46af-8b9e-544cdf09378f","Tyrod Taylor","Jets","02","QB","Deep (20+)","17","18.8%"
"","6332","37255","","7f3ef024-eb34-46af-8b9e-544cdf09378f","Tyrod Taylor","Jets","02","QB","Medium (10-19)","21","75.0%"
"","6332","37255","","7f3ef024-eb34-46af-8b9e-544cdf09378f","Tyrod Taylor","Jets","02","QB","Short (1-9)","68","63.2%"
"","6332","37255","","7f3ef024-eb34-46af-8b9e-544cdf09378f","Tyrod Taylor","Jets","02","QB","N/A","14","0"
"","7077","38605","","409d4cac-ee90-4470-9710-ebe671678339","Russell Wilson","Giants","03","QB","Behind LOS","20","65.0%"
"","7077","38605","","409d4cac-ee90-4470-9710-ebe671678339","Russell Wilson","Giants","03","QB","Deep (20+)","17","43.8%"
"","7077","38605","","409d4cac-ee90-4470-9710-ebe671678339","Russell Wilson","Giants","03","QB","Medium (10-19)","18","47.1%"
"","7077","38605","","409d4cac-ee90-4470-9710-ebe671678339","Russell Wilson","Giants","03","QB","Short (1-9)","43","65.0%"
"","7077","38605","","409d4cac-ee90-4470-9710-ebe671678339","Russell Wilson","Giants","03","QB","N/A","21","0"
"","7102","38632","","bbd0942c-6f77-4f83-a6d0-66ec6548019e","Kirk Cousins","Falcons","18","QB","Behind LOS","63","65.6%"
"","7102","38632","","bbd0942c-6f77-4f83-a6d0-66ec6548019e","Kirk Cousins","Falcons","18","QB","Deep (20+)","32","42.3%"
"","7102","38632","","bbd0942c-6f77-4f83-a6d0-66ec6548019e","Kirk Cousins","Falcons","18","QB","Medium (10-19)","54","38.0%"
"","7102","38632","","bbd0942c-6f77-4f83-a6d0-66ec6548019e","Kirk Cousins","Falcons","18","QB","Short (1-9)","100","68.4%"
"","7102","38632","","bbd0942c-6f77-4f83-a6d0-66ec6548019e","Kirk Cousins","Falcons","18","QB","N/A","20","60.0%"
"","7820","39987","","cfc93f5e-105e-4a5e-88d3-f4279893cfa8","Geno Smith","Raiders","07","QB","Behind LOS","98","76.5%"
"","7820","39987","","cfc93f5e-105e-4a5e-88d3-f4279893cfa8","Geno Smith","Raiders","07","QB","Deep (20+)","47","25.6%"
"","7820","39987","","cfc93f5e-105e-4a5e-88d3-f4279893cfa8","Geno Smith","Raiders","07","QB","Medium (10-19)","73","40.3%"
"","7820","39987","","cfc93f5e-105e-4a5e-88d3-f4279893cfa8","Geno Smith","Raiders","07","QB","Short (1-9)","197","68.7%"
"","7820","39987","","cfc93f5e-105e-4a5e-88d3-f4279893cfa8","Geno Smith","Raiders","07","QB","N/A","33","50.0%"
"","8667","41258","","d4cb52a9-f6b4-42ed-b40b-27bff5f1eea7","Teddy Bridgewater","Buccaneers","10","QB","Behind LOS","4","75.0%"
"","8667","41258","","d4cb52a9-f6b4-42ed-b40b-27bff5f1eea7","Teddy Bridgewater","Buccaneers","10","QB","Deep (20+)","1","0"
"","8667","41258","","d4cb52a9-f6b4-42ed-b40b-27bff5f1eea7","Teddy Bridgewater","Buccaneers","10","QB","Medium (10-19)","4","25.0%"
"","8667","41258","","d4cb52a9-f6b4-42ed-b40b-27bff5f1eea7","Teddy Bridgewater","Buccaneers","10","QB","Short (1-9)","5","40.0%"
"","8667","41258","","d4cb52a9-f6b4-42ed-b40b-27bff5f1eea7","Teddy Bridgewater","Buccaneers","10","QB","N/A","1","0"
"","9434","42344","65024","fb3b36fc-b985-4807-8199-d038d7e62a93","Jameis Winston","Giants","19","QB","Behind LOS","8","62.5%"
"","9434","42344","65024","fb3b36fc-b985-4807-8199-d038d7e62a93","Jameis Winston","Giants","19","QB","Deep (20+)","9","33.3%"
"","9434","42344","65024","fb3b36fc-b985-4807-8199-d038d7e62a93","Jameis Winston","Giants","19","QB","Medium (10-19)","21","38.9%"
"","9434","42344","65024","fb3b36fc-b985-4807-8199-d038d7e62a93","Jameis Winston","Giants","19","QB","Short (1-9)","22","54.5%"
"","9434","42344","65024","fb3b36fc-b985-4807-8199-d038d7e62a93","Jameis Winston","Giants","19","QB","N/A","6","0"
"","9435","42345","60958","7c16c04c-04de-41f3-ac16-ad6a9435e3f7","Marcus Mariota","Commanders","08","QB","Behind LOS","35","80.0%"
"","9435","42345","60958","7c16c04c-04de-41f3-ac16-ad6a9435e3f7","Marcus Mariota","Commanders","08","QB","Deep (20+)","37","38.2%"
"","9435","42345","60958","7c16c04c-04de-41f3-ac16-ad6a9435e3f7","Marcus Mariota","Commanders","08","QB","Medium (10-19)","70","53.7%"
"","9435","42345","60958","7c16c04c-04de-41f3-ac16-ad6a9435e3f7","Marcus Mariota","Commanders","08","QB","Short (1-9)","66","55.4%"
"","9435","42345","60958","7c16c04c-04de-41f3-ac16-ad6a9435e3f7","Marcus Mariota","Commanders","08","QB","N/A","19","100%"
"","10635","43290","127679","aba8f925-ffbf-4654-bfa7-a25d3d237494","Jared Goff","Lions","16","QB","Behind LOS","104","76.0%"
"","10635","43290","127679","aba8f925-ffbf-4654-bfa7-a25d3d237494","Jared Goff","Lions","16","QB","Deep (20+)","40","42.1%"
"","10635","43290","127679","aba8f925-ffbf-4654-bfa7-a25d3d237494","Jared Goff","Lions","16","QB","Medium (10-19)","116","60.2%"
"","10635","43290","127679","aba8f925-ffbf-4654-bfa7-a25d3d237494","Jared Goff","Lions","16","QB","Short (1-9)","254","69.8%"
"","10635","43290","127679","aba8f925-ffbf-4654-bfa7-a25d3d237494","Jared Goff","Lions","16","QB","N/A","64","50.0%"
"","10636","43291","67961","e9a5c16b-4472-4be9-8030-3f77be7890cb","Carson Wentz","Vikings","11","QB","Behind LOS","32","65.6%"
"","10636","43291","67961","e9a5c16b-4472-4be9-8030-3f77be7890cb","Carson Wentz","Vikings","11","QB","Deep (20+)","21","15.8%"
"","10636","43291","67961","e9a5c16b-4472-4be9-8030-3f77be7890cb","Carson Wentz","Vikings","11","QB","Medium (10-19)","40","42.9%"
"","10636","43291","67961","e9a5c16b-4472-4be9-8030-3f77be7890cb","Carson Wentz","Vikings","11","QB","Short (1-9)","64","64.5%"
"","10636","43291","67961","e9a5c16b-4472-4be9-8030-3f77be7890cb","Carson Wentz","Vikings","11","QB","N/A","12","50.0%"
"","10725","43380","58514","ad2258ab-67f0-41c2-bcf3-f3ba145187dc","Jacoby Brissett","Cardinals","07","QB","Behind LOS","73","80.8%"
"","10725","43380","58514","ad2258ab-67f0-41c2-bcf3-f3ba145187dc","Jacoby Brissett","Cardinals","07","QB","Deep (20+)","47","31.8%"
"","10725","43380","58514","ad2258ab-67f0-41c2-bcf3-f3ba145187dc","Jacoby Brissett","Cardinals","07","QB","Medium (10-19)","98","43.5%"
"","10725","43380","58514","ad2258ab-67f0-41c2-bcf3-f3ba145187dc","Jacoby Brissett","Cardinals","07","QB","Short (1-9)","225","65.4%"
"","10725","43380","58514","ad2258ab-67f0-41c2-bcf3-f3ba145187dc","Jacoby Brissett","Cardinals","07","QB","N/A","42","0"
"","10769","43424","50312","86197778-8d4b-4eba-affe-08ef7be7c70b","Dak Prescott","Cowboys","04","QB","Behind LOS","106","75.7%"
"","10769","43424","50312","86197778-8d4b-4eba-affe-08ef7be7c70b","Dak Prescott","Cowboys","04","QB","Deep (20+)","73","44.1%"
"","10769","43424","50312","86197778-8d4b-4eba-affe-08ef7be7c70b","Dak Prescott","Cowboys","04","QB","Medium (10-19)","118","52.7%"
"","10769","43424","50312","86197778-8d4b-4eba-affe-08ef7be7c70b","Dak Prescott","Cowboys","04","QB","Short (1-9)","267","64.0%"
"","10769","43424","50312","86197778-8d4b-4eba-affe-08ef7be7c70b","Dak Prescott","Cowboys","04","QB","N/A","36","100%"
"","10835","43490","64821","a8c3bcd7-69d0-4c5e-a876-6b33857942bc","Brandon Allen","Titans","10","QB","Behind LOS","12","75.0%"
"","10835","43490","64821","a8c3bcd7-69d0-4c5e-a876-6b33857942bc","Brandon Allen","Titans","10","QB","Deep (20+)","1","0"
"","10835","43490","64821","a8c3bcd7-69d0-4c5e-a876-6b33857942bc","Brandon Allen","Titans","10","QB","Medium (10-19)","6","16.7%"
"","10835","43490","64821","a8c3bcd7-69d0-4c5e-a876-6b33857942bc","Brandon Allen","Titans","10","QB","Short (1-9)","9","50.0%"
"","10835","43490","64821","a8c3bcd7-69d0-4c5e-a876-6b33857942bc","Brandon Allen","Titans","10","QB","N/A","2","0"
"","11757","44814","108433","7a1b8f1a-9024-4897-86b0-01c63e00305e","Mitch Trubisky","Bills","11","QB","Behind LOS","7","85.7%"
"","11757","44814","108433","7a1b8f1a-9024-4897-86b0-01c63e00305e","Mitch Trubisky","Bills","11","QB","Deep (20+)","1","100%"
"","11757","44814","108433","7a1b8f1a-9024-4897-86b0-01c63e00305e","Mitch Trubisky","Bills","11","QB","Medium (10-19)","14","38.5%"
"","11757","44814","108433","7a1b8f1a-9024-4897-86b0-01c63e00305e","Mitch Trubisky","Bills","11","QB","Short (1-9)","12","58.3%"
"","11757","44814","108433","7a1b8f1a-9024-4897-86b0-01c63e00305e","Mitch Trubisky","Bills","11","QB","N/A","1","0"
"","11765","44822","163123","11cad59d-90dd-449c-a839-dddaba4fe16c","Patrick Mahomes","Chiefs","15","QB","Behind LOS","128","76.6%"
"","11765","44822","163123","11cad59d-90dd-449c-a839-dddaba4fe16c","Patrick Mahomes","Chiefs","15","QB","Deep (20+)","61","32.1%"
"","11765","44822","163123","11cad59d-90dd-449c-a839-dddaba4fe16c","Patrick Mahomes","Chiefs","15","QB","Medium (10-19)","89","55.0%"
"","11765","44822","163123","11cad59d-90dd-449c-a839-dddaba4fe16c","Patrick Mahomes","Chiefs","15","QB","Short (1-9)","183","67.7%"
"","11765","44822","163123","11cad59d-90dd-449c-a839-dddaba4fe16c","Patrick Mahomes","Chiefs","15","QB","N/A","41","80.0%"
"","11890","44948","122781","15bedebc-839e-450a-86f6-1f5ad1f4f820","Joshua Dobbs","Patriots","11","QB","Behind LOS","3","66.7%"
"","11890","44948","122781","15bedebc-839e-450a-86f6-1f5ad1f4f820","Joshua Dobbs","Patriots","11","QB","Deep (20+)","2","50.0%"
"","11890","44948","122781","15bedebc-839e-450a-86f6-1f5ad1f4f820","Joshua Dobbs","Patriots","11","QB","Medium (10-19)","2","50.0%"
"","11890","44948","122781","15bedebc-839e-450a-86f6-1f5ad1f4f820","Joshua Dobbs","Patriots","11","QB","Short (1-9)","3","33.3%"
"","11890","44948","122781","15bedebc-839e-450a-86f6-1f5ad1f4f820","Joshua Dobbs","Patriots","11","QB","N/A","0","0"
"","12282","45198","126597","7738fea8-7ea2-4c4c-b589-bca90b070819","Nick Mullens","Jaguars","14","QB","Behind LOS","2","50.0%"
"","12282","45198","126597","7738fea8-7ea2-4c4c-b589-bca90b070819","Nick Mullens","Jaguars","14","QB","Short (1-9)","1","100%"
"","12324","45536","53885","4595c8ea-9d85-4504-8a34-2c8a02349105","Cooper Rush","Ravens","15","QB","Behind LOS","10","80.0%"
"","12324","45536","53885","4595c8ea-9d85-4504-8a34-2c8a02349105","Cooper Rush","Ravens","15","QB","Deep (20+)","3","0"
"","12324","45536","53885","4595c8ea-9d85-4504-8a34-2c8a02349105","Cooper Rush","Ravens","15","QB","Medium (10-19)","12","50.0%"
"","12324","45536","53885","4595c8ea-9d85-4504-8a34-2c8a02349105","Cooper Rush","Ravens","15","QB","Short (1-9)","24","56.5%"
"","12324","45536","53885","4595c8ea-9d85-4504-8a34-2c8a02349105","Cooper Rush","Ravens","15","QB","N/A","3","0"
"","12659","53884","195933","d7c63db7-dfe8-4cd6-a684-90342d12fa26","Shane Buechele","Chiefs","17","QB","Behind LOS","2","100%"
"","12659","53884","195933","d7c63db7-dfe8-4cd6-a684-90342d12fa26","Shane Buechele","Chiefs","17","QB","Deep (20+)","3","50.0%"
"","12659","53884","195933","d7c63db7-dfe8-4cd6-a684-90342d12fa26","Shane Buechele","Chiefs","17","QB","Medium (10-19)","1","0"
"","12659","53884","195933","d7c63db7-dfe8-4cd6-a684-90342d12fa26","Shane Buechele","Chiefs","17","QB","Short (1-9)","5","40.0%"
"","12659","53884","195933","d7c63db7-dfe8-4cd6-a684-90342d12fa26","Shane Buechele","Chiefs","17","QB","N/A","3","0"
"","13725","47916","174417","582fe465-135a-4901-beef-60aebce99067","Jarrett Stidham","Broncos","08","QB","Behind LOS","9","62.5%"
"","13725","47916","174417","582fe465-135a-4901-beef-60aebce99067","Jarrett Stidham","Broncos","08","QB","Deep (20+)","3","33.3%"
"","13725","47916","174417","582fe465-135a-4901-beef-60aebce99067","Jarrett Stidham","Broncos","08","QB","Medium (10-19)","4","50.0%"
"","13725","47916","174417","582fe465-135a-4901-beef-60aebce99067","Jarrett Stidham","Broncos","08","QB","Short (1-9)","11","72.7%"
"","13725","47916","174417","582fe465-135a-4901-beef-60aebce99067","Jarrett Stidham","Broncos","08","QB","N/A","4","0"
"","26152","46761","160095","d2023f5b-f73b-43ad-a816-f10dadfdfaed","Kyle Allen","Lions","08","QB","Medium (10-19)","1","100%"
"","26152","46761","160095","d2023f5b-f73b-43ad-a816-f10dadfdfaed","Kyle Allen","Lions","08","QB","Short (1-9)","1","0"
"","28022","52409","195420","3023ac10-4e7f-425f-9fc5-2b8e6332c92e","Joe Burrow","Bengals","09","QB","Behind LOS","50","80.0%"
"","28022","52409","195420","3023ac10-4e7f-425f-9fc5-2b8e6332c92e","Joe Burrow","Bengals","09","QB","Deep (20+)","30","42.3%"
"","28022","52409","195420","3023ac10-4e7f-425f-9fc5-2b8e6332c92e","Joe Burrow","Bengals","09","QB","Medium (10-19)","57","61.8%"
"","28022","52409","195420","3023ac10-4e7f-425f-9fc5-2b8e6332c92e","Joe Burrow","Bengals","09","QB","Short (1-9)","106","73.2%"
"","28022","52409","195420","3023ac10-4e7f-425f-9fc5-2b8e6332c92e","Joe Burrow","Bengals","09","QB","N/A","16","100%"
"","28237","52414","194571","f0a8f8e3-b9e9-46ed-85e4-eec6452a8a44","Justin Herbert","Chargers","10","QB","Behind LOS","83","76.8%"
"","28237","52414","194571","f0a8f8e3-b9e9-46ed-85e4-eec6452a8a44","Justin Herbert","Chargers","10","QB","Deep (20+)","70","41.8%"
"","28237","52414","194571","f0a8f8e3-b9e9-46ed-85e4-eec6452a8a44","Justin Herbert","Chargers","10","QB","Medium (10-19)","96","62.1%"
"","28237","52414","194571","f0a8f8e3-b9e9-46ed-85e4-eec6452a8a44","Justin Herbert","Chargers","10","QB","Short (1-9)","255","70.1%"
"","28237","52414","194571","f0a8f8e3-b9e9-46ed-85e4-eec6452a8a44","Justin Herbert","Chargers","10","QB","N/A","39","100%"
"","29048","46072","194671","13d826c5-9b22-4e0a-a877-02d8c84c546b","Sam Darnold","Seahawks","14","QB","Behind LOS","74","79.5%"
"","29048","46072","194671","13d826c5-9b22-4e0a-a877-02d8c84c546b","Sam Darnold","Seahawks","14","QB","Deep (20+)","65","50.0%"
"","29048","46072","194671","13d826c5-9b22-4e0a-a877-02d8c84c546b","Sam Darnold","Seahawks","14","QB","Medium (10-19)","121","59.8%"
"","29048","46072","194671","13d826c5-9b22-4e0a-a877-02d8c84c546b","Sam Darnold","Seahawks","14","QB","Short (1-9)","252","72.4%"
"","29048","46072","194671","13d826c5-9b22-4e0a-a877-02d8c84c546b","Sam Darnold","Seahawks","14","QB","N/A","56","75.0%"
"","38334","47784","174391","dd5a6b6e-ffae-45a5-b8e6-718a9251f374","Kyler Murray","Cardinals","01","QB","Behind LOS","48","91.7%"
"","38334","47784","174391","dd5a6b6e-ffae-45a5-b8e6-718a9251f374","Kyler Murray","Cardinals","01","QB","Deep (20+)","16","42.9%"
"","38334","47784","174391","dd5a6b6e-ffae-45a5-b8e6-718a9251f374","Kyler Murray","Cardinals","01","QB","Medium (10-19)","27","56.5%"
"","38334","47784","174391","dd5a6b6e-ffae-45a5-b8e6-718a9251f374","Kyler Murray","Cardinals","01","QB","Short (1-9)","57","61.8%"
"","38334","47784","174391","dd5a6b6e-ffae-45a5-b8e6-718a9251f374","Kyler Murray","Cardinals","01","QB","N/A","13","100%"
"","39395","47789","195393","0042266b-cb28-4012-bfd2-06650badad97","Daniel Jones","Colts","17","QB","Behind LOS","64","67.7%"
"","39395","47789","195393","0042266b-cb28-4012-bfd2-06650badad97","Daniel Jones","Colts","17","QB","Deep (20+)","38","29.7%"
"","39395","47789","195393","0042266b-cb28-4012-bfd2-06650badad97","Daniel Jones","Colts","17","QB","Medium (10-19)","91","56.2%"
"","39395","47789","195393","0042266b-cb28-4012-bfd2-06650badad97","Daniel Jones","Colts","17","QB","Short (1-9)","169","69.3%"
"","39395","47789","195393","0042266b-cb28-4012-bfd2-06650badad97","Daniel Jones","Colts","17","QB","N/A","22","0"
"","39517","47825","174131","94325301-e0ad-4a9f-a0e5-ffec0f529be3","Drew Lock","Seahawks","02","QB","Behind LOS","1","0"
"","39517","47825","174131","94325301-e0ad-4a9f-a0e5-ffec0f529be3","Drew Lock","Seahawks","02","QB","Short (1-9)","2","50.0%"
"","40291","52461","194688","64bd0f02-6a5d-407e-98f1-fd02048ea21d","Jalen Hurts","Eagles","01","QB","Behind LOS","69","76.5%"
"","40291","52461","194688","64bd0f02-6a5d-407e-98f1-fd02048ea21d","Jalen Hurts","Eagles","01","QB","Deep (20+)","69","37.3%"
"","40291","52461","194688","64bd0f02-6a5d-407e-98f1-fd02048ea21d","Jalen Hurts","Eagles","01","QB","Medium (10-19)","83","43.0%"
"","40291","52461","194688","64bd0f02-6a5d-407e-98f1-fd02048ea21d","Jalen Hurts","Eagles","01","QB","Short (1-9)","224","63.9%"
"","40291","52461","194688","64bd0f02-6a5d-407e-98f1-fd02048ea21d","Jalen Hurts","Eagles","01","QB","N/A","44","87.5%"
"","40306","52434","280290","e5094779-e94f-4052-8597-bdbee3719f6b","Jordan Love","Packers","10","QB","Behind LOS","98","71.1%"
"","40306","52434","280290","e5094779-e94f-4052-8597-bdbee3719f6b","Jordan Love","Packers","10","QB","Deep (20+)","74","39.1%"
"","40306","52434","280290","e5094779-e94f-4052-8597-bdbee3719f6b","Jordan Love","Packers","10","QB","Medium (10-19)","98","47.9%"
"","40306","52434","280290","e5094779-e94f-4052-8597-bdbee3719f6b","Jordan Love","Packers","10","QB","Short (1-9)","166","71.3%"
"","40306","52434","280290","e5094779-e94f-4052-8597-bdbee3719f6b","Jordan Love","Packers","10","QB","N/A","49","70.0%"
"","40364","54706","285267","7078cdfc-032b-4f85-8b4b-720f926ba1cb","Chris Oladokun","Chiefs","19","QB","Behind LOS","20","75.0%"
"","40364","54706","285267","7078cdfc-032b-4f85-8b4b-720f926ba1cb","Chris Oladokun","Chiefs","19","QB","Deep (20+)","5","0"
"","40364","54706","285267","7078cdfc-032b-4f85-8b4b-720f926ba1cb","Chris Oladokun","Chiefs","19","QB","Medium (10-19)","6","66.7%"
"","40364","54706","285267","7078cdfc-032b-4f85-8b4b-720f926ba1cb","Chris Oladokun","Chiefs","19","QB","Short (1-9)","17","58.8%"
"","40364","54706","285267","7078cdfc-032b-4f85-8b4b-720f926ba1cb","Chris Oladokun","Chiefs","19","QB","N/A","7","0"
"","41401","47961","300818","dabb52c0-455b-48fe-996b-abf758120623","Gardner Minshew","Chiefs","17","QB","Behind LOS","3","66.7%"
"","41401","47961","300818","dabb52c0-455b-48fe-996b-abf758120623","Gardner Minshew","Chiefs","17","QB","Deep (20+)","1","0"
"","41401","47961","300818","dabb52c0-455b-48fe-996b-abf758120623","Gardner Minshew","Chiefs","17","QB","Short (1-9)","5","40.0%"
"","41401","47961","300818","dabb52c0-455b-48fe-996b-abf758120623","Gardner Minshew","Chiefs","17","QB","N/A","4","0"
"","46401","48208","174550","f2f29019-7306-4b1c-a9d8-e9f802cb06e0","Jake Browning","Bengals","06","QB","Behind LOS","26","76.9%"
"","46401","48208","174550","f2f29019-7306-4b1c-a9d8-e9f802cb06e0","Jake Browning","Bengals","06","QB","Deep (20+)","17","23.5%"
"","46401","48208","174550","f2f29019-7306-4b1c-a9d8-e9f802cb06e0","Jake Browning","Bengals","06","QB","Medium (10-19)","20","44.4%"
"","46401","48208","174550","f2f29019-7306-4b1c-a9d8-e9f802cb06e0","Jake Browning","Bengals","06","QB","Short (1-9)","54","62.3%"
"","46401","48208","174550","f2f29019-7306-4b1c-a9d8-e9f802cb06e0","Jake Browning","Bengals","06","QB","N/A","8","0"
"","46416","46101","173565","e06a9c07-453a-4bb0-a7e9-2c3a64166dad","Lamar Jackson","Ravens","08","QB","Behind LOS","42","70.7%"
"","46416","46101","173565","e06a9c07-453a-4bb0-a7e9-2c3a64166dad","Lamar Jackson","Ravens","08","QB","Deep (20+)","41","41.7%"
"","46416","46101","173565","e06a9c07-453a-4bb0-a7e9-2c3a64166dad","Lamar Jackson","Ravens","08","QB","Medium (10-19)","83","51.9%"
"","46416","46101","173565","e06a9c07-453a-4bb0-a7e9-2c3a64166dad","Lamar Jackson","Ravens","08","QB","Short (1-9)","110","64.5%"
"","46416","46101","173565","e06a9c07-453a-4bb0-a7e9-2c3a64166dad","Lamar Jackson","Ravens","08","QB","N/A","26","0"
"","46448","52895","196065","7c226f73-a59f-4db6-ad98-2766d05d4d5a","Tyler Huntley","Ravens","05","QB","Behind LOS","11","72.7%"
"","46448","52895","196065","7c226f73-a59f-4db6-ad98-2766d05d4d5a","Tyler Huntley","Ravens","05","QB","Deep (20+)","4","25.0%"
"","46448","52895","196065","7c226f73-a59f-4db6-ad98-2766d05d4d5a","Tyler Huntley","Ravens","05","QB","Medium (10-19)","7","57.1%"
"","46448","52895","196065","7c226f73-a59f-4db6-ad98-2766d05d4d5a","Tyler Huntley","Ravens","05","QB","Short (1-9)","42","57.1%"
"","46448","52895","196065","7c226f73-a59f-4db6-ad98-2766d05d4d5a","Tyler Huntley","Ravens","05","QB","N/A","3","0"
"","46487","48090","178698","9ab44516-2a26-4049-b630-66539c7a5dfd","Brett Rypien","Bengals","11","QB","N/A","0","0"
"","46518","46070","109338","30198d30-9769-4e10-ac86-b4c91d940802","Baker Mayfield","Buccaneers","06","QB","Behind LOS","108","82.2%"
"","46518","46070","109338","30198d30-9769-4e10-ac86-b4c91d940802","Baker Mayfield","Buccaneers","06","QB","Deep (20+)","65","31.7%"
"","46518","46070","109338","30198d30-9769-4e10-ac86-b4c91d940802","Baker Mayfield","Buccaneers","06","QB","Medium (10-19)","133","39.1%"
"","46518","46070","109338","30198d30-9769-4e10-ac86-b4c91d940802","Baker Mayfield","Buccaneers","06","QB","Short (1-9)","206","60.5%"
"","46518","46070","109338","30198d30-9769-4e10-ac86-b4c91d940802","Baker Mayfield","Buccaneers","06","QB","N/A","31","87.5%"
"","46569","46145","167807","be4ca0ad-f3d6-4b98-a37f-79d0cbc06390","Mason Rudolph","Steelers","02","QB","Behind LOS","16","68.8%"
"","46569","46145","167807","be4ca0ad-f3d6-4b98-a37f-79d0cbc06390","Mason Rudolph","Steelers","02","QB","Deep (20+)","4","0"
"","46569","46145","167807","be4ca0ad-f3d6-4b98-a37f-79d0cbc06390","Mason Rudolph","Steelers","02","QB","Medium (10-19)","6","60.0%"
"","46569","46145","167807","be4ca0ad-f3d6-4b98-a37f-79d0cbc06390","Mason Rudolph","Steelers","02","QB","Short (1-9)","22","72.7%"
"","46569","46145","167807","be4ca0ad-f3d6-4b98-a37f-79d0cbc06390","Mason Rudolph","Steelers","02","QB","N/A","5","100%"
"","46601","46076","173838","3069db07-aa43-4503-ab11-2ae5c0002721","Josh Allen","Bills","17","QB","Behind LOS","124","77.9%"
"","46601","46076","173838","3069db07-aa43-4503-ab11-2ae5c0002721","Josh Allen","Bills","17","QB","Deep (20+)","66","32.2%"
"","46601","46076","173838","3069db07-aa43-4503-ab11-2ae5c0002721","Josh Allen","Bills","17","QB","Medium (10-19)","113","60.8%"
"","46601","46076","173838","3069db07-aa43-4503-ab11-2ae5c0002721","Josh Allen","Bills","17","QB","Short (1-9)","207","73.8%"
"","46601","46076","173838","3069db07-aa43-4503-ab11-2ae5c0002721","Josh Allen","Bills","17","QB","N/A","24","66.7%"
"","52269","53496","308643","7d51fab7-2d52-4d19-a021-19a123af0d10","Davis Mills","Texans","10","QB","Behind LOS","14","64.3%"
"","52269","53496","308643","7d51fab7-2d52-4d19-a021-19a123af0d10","Davis Mills","Texans","10","QB","Deep (20+)","19","35.3%"
"","52269","53496","308643","7d51fab7-2d52-4d19-a021-19a123af0d10","Davis Mills","Texans","10","QB","Medium (10-19)","37","64.7%"
"","52269","53496","308643","7d51fab7-2d52-4d19-a021-19a123af0d10","Davis Mills","Texans","10","QB","Short (1-9)","78","60.5%"
"","52269","53496","308643","7d51fab7-2d52-4d19-a021-19a123af0d10","Davis Mills","Texans","10","QB","N/A","11","0"
"","60323","53444","305253","1fd00ec3-b758-46d2-a2c1-cca521ea8a54","Mac Jones","49ers","10","QB","Behind LOS","35","82.3%"
"","60323","53444","305253","1fd00ec3-b758-46d2-a2c1-cca521ea8a54","Mac Jones","49ers","10","QB","Deep (20+)","21","41.2%"
"","60323","53444","305253","1fd00ec3-b758-46d2-a2c1-cca521ea8a54","Mac Jones","49ers","10","QB","Medium (10-19)","71","54.5%"
"","60323","53444","305253","1fd00ec3-b758-46d2-a2c1-cca521ea8a54","Mac Jones","49ers","10","QB","Short (1-9)","143","71.6%"
"","60323","53444","305253","1fd00ec3-b758-46d2-a2c1-cca521ea8a54","Mac Jones","49ers","10","QB","N/A","23","100%"
"","60326","52413","281476","26ad9c27-de38-495e-913c-6fb2428e76d3","Tua Tagovailoa","Dolphins","01","QB","Behind LOS","101","79.0%"
"","60326","52413","281476","26ad9c27-de38-495e-913c-6fb2428e76d3","Tua Tagovailoa","Dolphins","01","QB","Deep (20+)","37","37.1%"
"","60326","52413","281476","26ad9c27-de38-495e-913c-6fb2428e76d3","Tua Tagovailoa","Dolphins","01","QB","Medium (10-19)","84","53.8%"
"","60326","52413","281476","26ad9c27-de38-495e-913c-6fb2428e76d3","Tua Tagovailoa","Dolphins","01","QB","Short (1-9)","140","63.2%"
"","60326","52413","281476","26ad9c27-de38-495e-913c-6fb2428e76d3","Tua Tagovailoa","Dolphins","01","QB","N/A","22","71.4%"
"","60341","54551","283929","55aefcf9-4dfb-4994-883f-4d537a6f1ddb","Malik Willis","Packers","02","QB","Behind LOS","6","83.3%"
"","60341","54551","283929","55aefcf9-4dfb-4994-883f-4d537a6f1ddb","Malik Willis","Packers","02","QB","Deep (20+)","7","57.1%"
"","60341","54551","283929","55aefcf9-4dfb-4994-883f-4d537a6f1ddb","Malik Willis","Packers","02","QB","Medium (10-19)","6","66.7%"
"","60341","54551","283929","55aefcf9-4dfb-4994-883f-4d537a6f1ddb","Malik Willis","Packers","02","QB","Short (1-9)","15","73.3%"
"","60341","54551","283929","55aefcf9-4dfb-4994-883f-4d537a6f1ddb","Malik Willis","Packers","02","QB","N/A","1","0"
"","60515","54485","288007","ef7ae1f1-4ebe-4759-bbb3-32bd177ace08","Kenny Pickett","Raiders","15","QB","Behind LOS","9","55.6%"
"","60515","54485","288007","ef7ae1f1-4ebe-4759-bbb3-32bd177ace08","Kenny Pickett","Raiders","15","QB","Deep (20+)","4","33.3%"
"","60515","54485","288007","ef7ae1f1-4ebe-4759-bbb3-32bd177ace08","Kenny Pickett","Raiders","15","QB","Medium (10-19)","6","66.7%"
"","60515","54485","288007","ef7ae1f1-4ebe-4759-bbb3-32bd177ace08","Kenny Pickett","Raiders","15","QB","Short (1-9)","23","47.8%"
"","60515","54485","288007","ef7ae1f1-4ebe-4759-bbb3-32bd177ace08","Kenny Pickett","Raiders","15","QB","N/A","3","0"
"","60516","56000","337587","5891a917-9071-4bc2-a652-7f702c44cbd2","Aidan O'Connell","Raiders","12","QB","Behind LOS","4","50.0%"
"","60516","56000","337587","5891a917-9071-4bc2-a652-7f702c44cbd2","Aidan O'Connell","Raiders","12","QB","Deep (20+)","2","0"
"","60516","56000","337587","5891a917-9071-4bc2-a652-7f702c44cbd2","Aidan O'Connell","Raiders","12","QB","Medium (10-19)","7","57.1%"
"","60516","56000","337587","5891a917-9071-4bc2-a652-7f702c44cbd2","Aidan O'Connell","Raiders","12","QB","Short (1-9)","6","20.0%"
"","60516","56000","337587","5891a917-9071-4bc2-a652-7f702c44cbd2","Aidan O'Connell","Raiders","12","QB","N/A","3","0"
"","77632","53430","305332","aaa8b42c-4d87-45f6-bfd2-e31cfed9a736","Trevor Lawrence","Jaguars","16","QB","Behind LOS","87","69.8%"
"","77632","53430","305332","aaa8b42c-4d87-45f6-bfd2-e31cfed9a736","Trevor Lawrence","Jaguars","16","QB","Deep (20+)","83","31.5%"
"","77632","53430","305332","aaa8b42c-4d87-45f6-bfd2-e31cfed9a736","Trevor Lawrence","Jaguars","16","QB","Medium (10-19)","149","57.9%"
"","77632","53430","305332","aaa8b42c-4d87-45f6-bfd2-e31cfed9a736","Trevor Lawrence","Jaguars","16","QB","Short (1-9)","224","66.5%"
"","77632","53430","305332","aaa8b42c-4d87-45f6-bfd2-e31cfed9a736","Trevor Lawrence","Jaguars","16","QB","N/A","47","71.4%"
"","77652","56004","311714","b2810d1e-3ea7-4907-bb34-93b40e893c08","Clayton Tune","Packers","06","QB","Behind LOS","3","33.3%"
"","77652","56004","311714","b2810d1e-3ea7-4907-bb34-93b40e893c08","Clayton Tune","Packers","06","QB","Short (1-9)","10","40.0%"
"","77652","56004","311714","b2810d1e-3ea7-4907-bb34-93b40e893c08","Clayton Tune","Packers","06","QB","N/A","2","0"
"","77672","54727","311703","d5aef708-ad61-4ab8-a637-62ff96e92040","Brock Purdy","49ers","13","QB","Behind LOS","48","81.3%"
"","77672","54727","311703","d5aef708-ad61-4ab8-a637-62ff96e92040","Brock Purdy","49ers","13","QB","Deep (20+)","34","39.4%"
"","77672","54727","311703","d5aef708-ad61-4ab8-a637-62ff96e92040","Brock Purdy","49ers","13","QB","Medium (10-19)","85","49.4%"
"","77672","54727","311703","d5aef708-ad61-4ab8-a637-62ff96e92040","Brock Purdy","49ers","13","QB","Short (1-9)","143","60.3%"
"","77672","54727","311703","d5aef708-ad61-4ab8-a637-62ff96e92040","Brock Purdy","49ers","13","QB","N/A","32","100%"
"","82096","53431","311503","17bb63b1-1b0e-48e1-baf7-55cd314d0e62","Zach Wilson","Dolphins","00","QB","Behind LOS","3","66.7%"
"","82096","53431","311503","17bb63b1-1b0e-48e1-baf7-55cd314d0e62","Zach Wilson","Dolphins","00","QB","Medium (10-19)","2","0"
"","82096","53431","311503","17bb63b1-1b0e-48e1-baf7-55cd314d0e62","Zach Wilson","Dolphins","00","QB","Short (1-9)","3","0"
"","82096","53431","311503","17bb63b1-1b0e-48e1-baf7-55cd314d0e62","Zach Wilson","Dolphins","00","QB","N/A","3","0"
"","82118","53440","304384","cf15be8f-9117-4531-a517-2b9c7cb3e9e1","Justin Fields","Jets","07","QB","Behind LOS","21","80.0%"
"","82118","53440","304384","cf15be8f-9117-4531-a517-2b9c7cb3e9e1","Justin Fields","Jets","07","QB","Deep (20+)","17","33.3%"
"","82118","53440","304384","cf15be8f-9117-4531-a517-2b9c7cb3e9e1","Justin Fields","Jets","07","QB","Medium (10-19)","29","55.2%"
"","82118","53440","304384","cf15be8f-9117-4531-a517-2b9c7cb3e9e1","Justin Fields","Jets","07","QB","Short (1-9)","112","61.5%"
"","82118","53440","304384","cf15be8f-9117-4531-a517-2b9c7cb3e9e1","Justin Fields","Jets","07","QB","N/A","25","100%"
"","82134","57129","304509","6499a161-b221-4591-b122-d99ece1be64b","Michael Penix Jr.","Falcons","09","QB","Behind LOS","38","67.6%"
"","82134","57129","304509","6499a161-b221-4591-b122-d99ece1be64b","Michael Penix Jr.","Falcons","09","QB","Deep (20+)","27","28.6%"
"","82134","57129","304509","6499a161-b221-4591-b122-d99ece1be64b","Michael Penix Jr.","Falcons","09","QB","Medium (10-19)","75","49.3%"
"","82134","57129","304509","6499a161-b221-4591-b122-d99ece1be64b","Michael Penix Jr.","Falcons","09","QB","Short (1-9)","107","52.9%"
"","82134","57129","304509","6499a161-b221-4591-b122-d99ece1be64b","Michael Penix Jr.","Falcons","09","QB","N/A","29","100%"
"","82151","57313","313960","74043480-24ef-4c26-99d4-18f43d5b41d3","Joe Milton III","Cowboys","10","QB","Behind LOS","4","66.7%"
"","82151","57313","313960","74043480-24ef-4c26-99d4-18f43d5b41d3","Joe Milton III","Cowboys","10","QB","Deep (20+)","3","33.3%"
"","82151","57313","313960","74043480-24ef-4c26-99d4-18f43d5b41d3","Joe Milton III","Cowboys","10","QB","Medium (10-19)","7","42.9%"
"","82151","57313","313960","74043480-24ef-4c26-99d4-18f43d5b41d3","Joe Milton III","Cowboys","10","QB","Short (1-9)","7","71.4%"
"","82151","57313","313960","74043480-24ef-4c26-99d4-18f43d5b41d3","Joe Milton III","Cowboys","10","QB","N/A","3","0"
"","83537","58245","306357","94b8f9e1-3109-4429-8f71-4f79d7588237","Tyler Shough","Saints","06","QB","Behind LOS","52","64.7%"
"","83537","58245","306357","94b8f9e1-3109-4429-8f71-4f79d7588237","Tyler Shough","Saints","06","QB","Deep (20+)","43","48.6%"
"","83537","58245","306357","94b8f9e1-3109-4429-8f71-4f79d7588237","Tyler Shough","Saints","06","QB","Medium (10-19)","74","52.1%"
"","83537","58245","306357","94b8f9e1-3109-4429-8f71-4f79d7588237","Tyler Shough","Saints","06","QB","Short (1-9)","137","60.0%"
"","83537","58245","306357","94b8f9e1-3109-4429-8f71-4f79d7588237","Tyler Shough","Saints","06","QB","N/A","21","0"
"","86272","58299","325997","299d4fe8-188c-43d1-95d3-8a8f103da5c5","Dillon Gabriel","Browns","08","QB","Behind LOS","36","65.7%"
"","86272","58299","325997","299d4fe8-188c-43d1-95d3-8a8f103da5c5","Dillon Gabriel","Browns","08","QB","Deep (20+)","8","0"
"","86272","58299","325997","299d4fe8-188c-43d1-95d3-8a8f103da5c5","Dillon Gabriel","Browns","08","QB","Medium (10-19)","44","52.5%"
"","86272","58299","325997","299d4fe8-188c-43d1-95d3-8a8f103da5c5","Dillon Gabriel","Browns","08","QB","Short (1-9)","84","58.8%"
"","86272","58299","325997","299d4fe8-188c-43d1-95d3-8a8f103da5c5","Dillon Gabriel","Browns","08","QB","N/A","13","100%"
"","91399","53432","308211","676a508c-c65f-404a-a2b0-f861a4bfd072","Trey Lance","Chargers","05","QB","Behind LOS","10","80.0%"
"","91399","53432","308211","676a508c-c65f-404a-a2b0-f861a4bfd072","Trey Lance","Chargers","05","QB","Deep (20+)","10","0"
"","91399","53432","308211","676a508c-c65f-404a-a2b0-f861a4bfd072","Trey Lance","Chargers","05","QB","Medium (10-19)","6","50.0%"
"","91399","53432","308211","676a508c-c65f-404a-a2b0-f861a4bfd072","Trey Lance","Chargers","05","QB","Short (1-9)","22","66.7%"
"","91399","53432","308211","676a508c-c65f-404a-a2b0-f861a4bfd072","Trey Lance","Chargers","05","QB","N/A","9","0"
"","97408","57271","330662","e0eecf78-86b2-4ee8-8ac9-d7713a138765","Spencer Rattler","Saints","02","QB","Behind LOS","40","84.6%"
"","97408","57271","330662","e0eecf78-86b2-4ee8-8ac9-d7713a138765","Spencer Rattler","Saints","02","QB","Deep (20+)","32","36.7%"
"","97408","57271","330662","e0eecf78-86b2-4ee8-8ac9-d7713a138765","Spencer Rattler","Saints","02","QB","Medium (10-19)","52","43.8%"
"","97408","57271","330662","e0eecf78-86b2-4ee8-8ac9-d7713a138765","Spencer Rattler","Saints","02","QB","Short (1-9)","118","66.7%"
"","97408","57271","330662","e0eecf78-86b2-4ee8-8ac9-d7713a138765","Spencer Rattler","Saints","02","QB","N/A","15","100%"
"","97790","57133","325262","f056c8ed-6ee5-492c-af11-3f7e3d97195c","Bo Nix","Broncos","10","QB","Behind LOS","139","75.9%"
"","97790","57133","325262","f056c8ed-6ee5-492c-af11-3f7e3d97195c","Bo Nix","Broncos","10","QB","Deep (20+)","82","36.3%"
"","97790","57133","325262","f056c8ed-6ee5-492c-af11-3f7e3d97195c","Bo Nix","Broncos","10","QB","Medium (10-19)","109","41.8%"
"","97790","57133","325262","f056c8ed-6ee5-492c-af11-3f7e3d97195c","Bo Nix","Broncos","10","QB","Short (1-9)","271","69.1%"
"","97790","57133","325262","f056c8ed-6ee5-492c-af11-3f7e3d97195c","Bo Nix","Broncos","10","QB","N/A","57","83.3%"
"","97993","57123","324806","bab8c65a-9fff-410d-8e34-dc2f636d890e","Jayden Daniels","Commanders","05","QB","Behind LOS","35","73.5%"
"","97993","57123","324806","bab8c65a-9fff-410d-8e34-dc2f636d890e","Jayden Daniels","Commanders","05","QB","Deep (20+)","19","41.2%"
"","97993","57123","324806","bab8c65a-9fff-410d-8e34-dc2f636d890e","Jayden Daniels","Commanders","05","QB","Medium (10-19)","40","41.0%"
"","97993","57123","324806","bab8c65a-9fff-410d-8e34-dc2f636d890e","Jayden Daniels","Commanders","05","QB","Short (1-9)","74","67.1%"
"","97993","57123","324806","bab8c65a-9fff-410d-8e34-dc2f636d890e","Jayden Daniels","Commanders","05","QB","N/A","20","0"
"","100580","57697","324989","4842ee80-07d1-11ef-977b-d7c6de486031","Kedon Slovis","Cardinals","19","QB","Behind LOS","1","0"
"","100580","57697","324989","4842ee80-07d1-11ef-977b-d7c6de486031","Kedon Slovis","Cardinals","19","QB","Short (1-9)","1","0"
"","105568","58939","328261","921d4a00-230f-11f0-8931-09b8041f90bf","Max Brosmer","Vikings","12","QB","Behind LOS","24","52.2%"
"","105568","58939","328261","921d4a00-230f-11f0-8931-09b8041f90bf","Max Brosmer","Vikings","12","QB","Deep (20+)","4","50.0%"
"","105568","58939","328261","921d4a00-230f-11f0-8931-09b8041f90bf","Max Brosmer","Vikings","12","QB","Medium (10-19)","12","18.2%"
"","105568","58939","328261","921d4a00-230f-11f0-8931-09b8041f90bf","Max Brosmer","Vikings","12","QB","Short (1-9)","27","34.6%"
"","105568","58939","328261","921d4a00-230f-11f0-8931-09b8041f90bf","Max Brosmer","Vikings","12","QB","N/A","4","0"
"","123943","55865","349221","38475bfa-9773-4c3b-9157-a0dbd576fa22","Bryce Young","Panthers","09","QB","Behind LOS","103","81.2%"
"","123943","55865","349221","38475bfa-9773-4c3b-9157-a0dbd576fa22","Bryce Young","Panthers","09","QB","Deep (20+)","46","44.4%"
"","123943","55865","349221","38475bfa-9773-4c3b-9157-a0dbd576fa22","Bryce Young","Panthers","09","QB","Medium (10-19)","108","39.0%"
"","123943","55865","349221","38475bfa-9773-4c3b-9157-a0dbd576fa22","Bryce Young","Panthers","09","QB","Short (1-9)","197","64.7%"
"","123943","55865","349221","38475bfa-9773-4c3b-9157-a0dbd576fa22","Bryce Young","Panthers","09","QB","N/A","64","33.3%"
"","124199","58839","351743","4916c770-2501-11f0-aed8-c154e65d4269","Brady Cook","Jets","04","QB","Behind LOS","33","48.5%"
"","124199","58839","351743","4916c770-2501-11f0-aed8-c154e65d4269","Brady Cook","Jets","04","QB","Deep (20+)","9","14.3%"
"","124199","58839","351743","4916c770-2501-11f0-aed8-c154e65d4269","Brady Cook","Jets","04","QB","Medium (10-19)","28","28.0%"
"","124199","58839","351743","4916c770-2501-11f0-aed8-c154e65d4269","Brady Cook","Jets","04","QB","Short (1-9)","72","50.0%"
"","124199","58839","351743","4916c770-2501-11f0-aed8-c154e65d4269","Brady Cook","Jets","04","QB","N/A","11","0"
"","124393","55868","350675","5fc5b4a6-a583-4345-a810-4f982204ea5e","Anthony Richardson","Colts","05","QB","Deep (20+)","1","0"
"","124393","55868","350675","5fc5b4a6-a583-4345-a810-4f982204ea5e","Anthony Richardson","Colts","05","QB","Short (1-9)","1","0"
"","127253","58436","359811","d89f0384-21a6-44e4-8aa6-324cb2103bf6","Quinn Ewers","Dolphins","14","QB","Behind LOS","20","73.7%"
"","127253","58436","359811","d89f0384-21a6-44e4-8aa6-324cb2103bf6","Quinn Ewers","Dolphins","14","QB","Deep (20+)","10","28.6%"
"","127253","58436","359811","d89f0384-21a6-44e4-8aa6-324cb2103bf6","Quinn Ewers","Dolphins","14","QB","Medium (10-19)","24","40.9%"
"","127253","58436","359811","d89f0384-21a6-44e4-8aa6-324cb2103bf6","Quinn Ewers","Dolphins","14","QB","Short (1-9)","26","61.5%"
"","127253","58436","359811","d89f0384-21a6-44e4-8aa6-324cb2103bf6","Quinn Ewers","Dolphins","14","QB","N/A","3","75.0%"
"","129759","55866","351465","7e91086f-9ca4-4bd9-a099-b88b2f37e6c6","C.J. Stroud","Texans","07","QB","Behind LOS","59","67.8%"
"","129759","55866","351465","7e91086f-9ca4-4bd9-a099-b88b2f37e6c6","C.J. Stroud","Texans","07","QB","Deep (20+)","51","40.8%"
"","129759","55866","351465","7e91086f-9ca4-4bd9-a099-b88b2f37e6c6","C.J. Stroud","Texans","07","QB","Medium (10-19)","110","48.5%"
"","129759","55866","351465","7e91086f-9ca4-4bd9-a099-b88b2f37e6c6","C.J. Stroud","Texans","07","QB","Short (1-9)","241","66.1%"
"","129759","55866","351465","7e91086f-9ca4-4bd9-a099-b88b2f37e6c6","C.J. Stroud","Texans","07","QB","N/A","41","0"
"","131396","58349","353410","270e09bc-8bf8-44b0-87ed-1fd014de4ab7","Shedeur Sanders","Browns","12","QB","Behind LOS","42","82.5%"
"","131396","58349","353410","270e09bc-8bf8-44b0-87ed-1fd014de4ab7","Shedeur Sanders","Browns","12","QB","Deep (20+)","24","47.6%"
"","131396","58349","353410","270e09bc-8bf8-44b0-87ed-1fd014de4ab7","Shedeur Sanders","Browns","12","QB","Medium (10-19)","35","45.2%"
"","131396","58349","353410","270e09bc-8bf8-44b0-87ed-1fd014de4ab7","Shedeur Sanders","Browns","12","QB","Short (1-9)","81","62.3%"
"","131396","58349","353410","270e09bc-8bf8-44b0-87ed-1fd014de4ab7","Shedeur Sanders","Browns","12","QB","N/A","30","50.0%"
"","131770","56053","351136","93147c90-09c8-471d-a6b2-0b9d19739ba1","Tanner McKee","Eagles","16","QB","Behind LOS","4","75.0%"
"","131770","56053","351136","93147c90-09c8-471d-a6b2-0b9d19739ba1","Tanner McKee","Eagles","16","QB","Deep (20+)","4","0"
"","131770","56053","351136","93147c90-09c8-471d-a6b2-0b9d19739ba1","Tanner McKee","Eagles","16","QB","Medium (10-19)","13","69.2%"
"","131770","56053","351136","93147c90-09c8-471d-a6b2-0b9d19739ba1","Tanner McKee","Eagles","16","QB","Short (1-9)","15","57.1%"
"","131770","56053","351136","93147c90-09c8-471d-a6b2-0b9d19739ba1","Tanner McKee","Eagles","16","QB","N/A","7","0"
"","133244","58203","353734","3c76cab3-3df2-43dd-acaa-57e055bd32d0","Cam Ward","Titans","01","QB","Behind LOS","108","76.4%"
"","133244","58203","353734","3c76cab3-3df2-43dd-acaa-57e055bd32d0","Cam Ward","Titans","01","QB","Deep (20+)","57","46.0%"
"","133244","58203","353734","3c76cab3-3df2-43dd-acaa-57e055bd32d0","Cam Ward","Titans","01","QB","Medium (10-19)","114","36.8%"
"","133244","58203","353734","3c76cab3-3df2-43dd-acaa-57e055bd32d0","Cam Ward","Titans","01","QB","Short (1-9)","206","63.7%"
"","133244","58203","353734","3c76cab3-3df2-43dd-acaa-57e055bd32d0","Cam Ward","Titans","01","QB","N/A","55","100%"
"","143862","58394","365938","38b62d7f-4403-4e2b-8083-4d0cd08e81aa","Riley Leonard","Colts","15","QB","Behind LOS","11","90.9%"
"","143862","58394","365938","38b62d7f-4403-4e2b-8083-4d0cd08e81aa","Riley Leonard","Colts","15","QB","Deep (20+)","8","71.4%"
"","143862","58394","365938","38b62d7f-4403-4e2b-8083-4d0cd08e81aa","Riley Leonard","Colts","15","QB","Medium (10-19)","12","70.0%"
"","143862","58394","365938","38b62d7f-4403-4e2b-8083-4d0cd08e81aa","Riley Leonard","Colts","15","QB","Short (1-9)","31","50.0%"
"","143862","58394","365938","38b62d7f-4403-4e2b-8083-4d0cd08e81aa","Riley Leonard","Colts","15","QB","N/A","5","0"
"","143969","57124","362390","d0c0630e-8925-4b81-a32b-e4146d95f01f","Drake Maye","Patriots","10","QB","Behind LOS","89","76.1%"
"","143969","57124","362390","d0c0630e-8925-4b81-a32b-e4146d95f01f","Drake Maye","Patriots","10","QB","Deep (20+)","84","47.9%"
"","143969","57124","362390","d0c0630e-8925-4b81-a32b-e4146d95f01f","Drake Maye","Patriots","10","QB","Medium (10-19)","136","53.6%"
"","143969","57124","362390","d0c0630e-8925-4b81-a32b-e4146d95f01f","Drake Maye","Patriots","10","QB","Short (1-9)","265","65.1%"
"","143969","57124","362390","d0c0630e-8925-4b81-a32b-e4146d95f01f","Drake Maye","Patriots","10","QB","N/A","38","100%"
"","144622","57122","362088","49d4b627-3f19-49a8-ae33-f539e0fb1f88","Caleb Williams","Bears","18","QB","Behind LOS","100","78.1%"
"","144622","57122","362088","49d4b627-3f19-49a8-ae33-f539e0fb1f88","Caleb Williams","Bears","18","QB","Deep (20+)","94","44.4%"
"","144622","57122","362088","49d4b627-3f19-49a8-ae33-f539e0fb1f88","Caleb Williams","Bears","18","QB","Medium (10-19)","133","42.9%"
"","144622","57122","362088","49d4b627-3f19-49a8-ae33-f539e0fb1f88","Caleb Williams","Bears","18","QB","Short (1-9)","265","59.3%"
"","144622","57122","362088","49d4b627-3f19-49a8-ae33-f539e0fb1f88","Caleb Williams","Bears","18","QB","N/A","66","60.0%"
"","144918","57131","361859","587cc3c3-aeda-4ac7-8803-a7e4db195534","J.J. McCarthy","Vikings","09","QB","Behind LOS","40","74.4%"
"","144918","57131","361859","587cc3c3-aeda-4ac7-8803-a7e4db195534","J.J. McCarthy","Vikings","09","QB","Deep (20+)","33","37.9%"
"","144918","57131","361859","587cc3c3-aeda-4ac7-8803-a7e4db195534","J.J. McCarthy","Vikings","09","QB","Medium (10-19)","60","44.6%"
"","144918","57131","361859","587cc3c3-aeda-4ac7-8803-a7e4db195534","J.J. McCarthy","Vikings","09","QB","Short (1-9)","88","50.6%"
"","144918","57131","361859","587cc3c3-aeda-4ac7-8803-a7e4db195534","J.J. McCarthy","Vikings","09","QB","N/A","22","75.0%"
"","146409","58227","361994","53848cba-bcad-4cd0-bb35-0a1f6ed111d1","Jaxson Dart","Giants","06","QB","Behind LOS","73","66.2%"
"","146409","58227","361994","53848cba-bcad-4cd0-bb35-0a1f6ed111d1","Jaxson Dart","Giants","06","QB","Deep (20+)","50","34.1%"
"","146409","58227","361994","53848cba-bcad-4cd0-bb35-0a1f6ed111d1","Jaxson Dart","Giants","06","QB","Medium (10-19)","65","55.0%"
"","146409","58227","361994","53848cba-bcad-4cd0-bb35-0a1f6ed111d1","Jaxson Dart","Giants","06","QB","Short (1-9)","125","67.5%"
"","146409","58227","361994","53848cba-bcad-4cd0-bb35-0a1f6ed111d1","Jaxson Dart","Giants","06","QB","N/A","26","0"
"","169628","56167","303987","9bdeb910-ead2-11ed-999e-03b49558b5db","Tyson Bagent","Bears","17","QB","Behind LOS","1","100%"
"","169628","56167","303987","9bdeb910-ead2-11ed-999e-03b49558b5db","Tyson Bagent","Bears","17","QB","Deep (20+)","1","0"
"","169628","56167","303987","9bdeb910-ead2-11ed-999e-03b49558b5db","Tyson Bagent","Bears","17","QB","Medium (10-19)","1","100%"
"","169628","56167","303987","9bdeb910-ead2-11ed-999e-03b49558b5db","Tyson Bagent","Bears","17","QB","Short (1-9)","1","0"
"","169628","56167","303987","9bdeb910-ead2-11ed-999e-03b49558b5db","Tyson Bagent","Bears","17","QB","N/A","0","0"